{
 "val_size": 10000,
 "log_step": 500,
 "exp_beta": 0.8,
 "tanh_clipping": 10.0,
 "run_name": "cvrp_100",
 "no_tensorboard": false,
 "resume": null,
 "use_cuda": true,
 "log_dir": "logs",
 "bl_warmup_epochs": 1,
 "no_cuda": false,
 "eval_only": false,
 "seed": 1234,
 "max_grad_norm": 1.0,
 "graph_size": 100,
 "problem": "cvrp",
 "lr_model": 0.0001,
 "lr_critic": 0.0001,
 "normalization": "batch",
 "no_progress_bar": true,
 "save_dir": "",
 "n_epochs": 100,
 "bl_alpha": 0.05,
 "baseline": "rollout",
 "batch_size": 256,
 "output_dir": "outputs",
 "n_encode_layers": 3,
 "val_dataset": "",
 "epoch_start": 0,
 "model": "attention",
 "eval_batch_size": 2048,
 "embedding_dim": 128,
 "lr_decay": 1.0,
 "hidden_dim": 128,
 "load_path": null,
 "checkpoint_epochs": 50,
 "epoch_size": 640000
}